Workbook

Sheet Общее
A1: Семья | B1: Баланс сейчас | C1: К оплате в этом месяце | D1: Баланс через месяц | E1: Денег хватит до
A2: Андрей👑 | H2: Рубли сюда | I2: ="+77055488419" -> +77055488419 | J2: !!!!!ОЗОН БАНК!!!!
A3: Гала | B3: =IF('Месяцы'!G2>0,'Платежи'!B$2-'Месяцы'!F2,) -> 1.3333333 | C3: =IFS(ISBLANK(B3),, B3<0,ABS(B3),B3>=0,0) -> 0 | D3: =if(isblank(B3),,B3-$C$12) -> 0 | E3: =if(ISBLANK(B3), ,IF(B3/$C$12>=0, DATE(YEAR($E$12),MONTH($E$12) +DIVIDE(B3, $C$12),DAY($E$12)),"Плоти нологи")) -> 46162
A4: Семен | B4: =IF('Месяцы'!G3>0,'Платежи'!D$2-'Месяцы'!F3,) -> -2.0625353 | C4: =IFS(ISBLANK(B4),, B4<0,ABS(B4),B4>=0,0) -> 2.0625353 | D4: =if(isblank(B4),,B4-$C$12) -> -3.3958686 | E4: =if(ISBLANK(B4), ,IF(B4/$C$12>=0, DATE(YEAR($E$12),MONTH($E$12) +DIVIDE(B4, $C$12),DAY($E$12)),"Плоти нологи")) -> Плоти нологи
A5: Даша | C5: =IFS(ISBLANK(B5),, B5<0,ABS(B5),B5>=0,0) | D5: =if(isblank(B5),,B5-$C$12) | E5: =if(ISBLANK(B5), ,IF(B5/$C$12>=0, DATE(YEAR($E$12),MONTH($E$12) +DIVIDE(B5, $C$12),DAY($E$12)),"Плоти нологи"))
A6: ='Месяцы'!E5 -> Луиза | B6: =IF('Месяцы'!G5>0,'Платежи'!H$2-'Месяцы'!F5,) -> -2.6666667 | C6: =IFS(ISBLANK(B6),, B6<0,ABS(B6),B6>=0,0) -> 2.6666667 | D6: =if(isblank(B6),,B6-$C$12) -> -4 | E6: =if(ISBLANK(B6), ,IF(B6/$C$12>=0, DATE(YEAR($E$12),MONTH($E$12) +DIVIDE(B6, $C$12),DAY($E$12)),"Плоти нологи")) -> Плоти нологи
A7: Даня | B7: =IF('Месяцы'!G6>0,'Платежи'!J$2-'Месяцы'!F6,) -> 0.005 | C7: =IFS(ISBLANK(B7),, B7<0,ABS(B7),B7>=0,0) -> 0 | D7: =if(isblank(B7),,B7-$C$12) -> -1.3283333 | E7: =if(ISBLANK(B7), ,IF(B7/$C$12>=0, DATE(YEAR($E$12),MONTH($E$12) +DIVIDE(B7, $C$12),DAY($E$12)),"Плоти нологи")) -> 46132
A11: В семье | B11: =counta(A2:A7) -> 6 | C11: из 6 | D11: человек | E11: =today() -> 46118 | F11: Сегодня
A12: Цена подписки | B12: 8 | C12: =B12/B11 -> 1.3333333 | D12: на человека | E12: =IF(DAY(E11)<20,DATE(YEAR(E11),MONTH(E11),20),DATE(YEAR(E11),MONTH(E11)+1,20)) -> 46132 | F12: Следующее списание
A13: Курс | C13: =C12*A14 -> 106.78679 | E13: =E12-E11 -> 14 | F13: Осталось дней
A14: =IFERROR(__xludf.DUMMYFUNCTION("GOOGLEFINANCE(""currency:"" &""USD"" &""RUB"",""average"")"),80.09009) -> 80.09009
P37: ::::::::::::::::::::::::::::::::::::::::::::::::::::::::::::::::::::::::::::::::::::::
T48: *,

Sheet Месяцы
A1: Дата | B1: Участников | C1: Цена | F1: Начислено | G1: Начиная с
A2: 45066 | B2: 5 | C2: 0 | E2: ='Общее'!A3 -> Гала | F2: {=ifna(if(G2<='Общее'!$E$11, SUM(INDIRECT(ADDRESS(MATCH(G2,$A$1:$A$30),3)):INDIRECT(ADDRESS(MATCH('Общее'!$E$11,$A$1:$A$30),3))),0),)} -> 8 | G2: 45767
A3: 45097 | B3: 5 | C3: =IFERROR(if(ISBLANK(B2),,'Общее'!$B$12/B3),"") -> 1.6 | E3: ='Общее'!A4 -> Семен | F3: {=ifna(if(G3<='Общее'!$E$11, SUM(INDIRECT(ADDRESS(MATCH(G3,$A$1:$A$30),3)):INDIRECT(ADDRESS(MATCH('Общее'!$E$11,$A$1:$A$30),3))),0),)} -> 39.2 | G3: 45097
A4: 45127 | B4: 5 | C4: =IFERROR(if(ISBLANK(B3),,'Общее'!$B$12/B4),"") -> 1.6 | E4: ='Общее'!A5 -> Даша | F4: {=ifna(if(G4<='Общее'!$E$11, SUM(INDIRECT(ADDRESS(MATCH(G4,$A$1:$A$30),3)):INDIRECT(ADDRESS(MATCH('Общее'!$E$11,$A$1:$A$30),3))),0),)}
A5: 45158 | B5: 5 | C5: =IFERROR(if(ISBLANK(B4),,'Общее'!$B$12/B5),"") -> 1.6 | E5: Луиза | F5: {=ifna(if(G5<='Общее'!$E$11, SUM(INDIRECT(ADDRESS(MATCH(G5,$A$1:$A$30),3)):INDIRECT(ADDRESS(MATCH('Общее'!$E$11,$A$1:$A$30),3))),0),)} -> 4 | G5: 45858
A6: 45189 | B6: 5 | C6: =IFERROR(if(ISBLANK(B5),,'Общее'!$B$12/B6),"") -> 1.6 | E6: ='Общее'!A7 -> Даня | F6: {=ifna(if(G6<='Общее'!$E$11, SUM(INDIRECT(ADDRESS(MATCH(G6,$A$1:$A$30),3)):INDIRECT(ADDRESS(MATCH('Общее'!$E$11,$A$1:$A$30),3))),0),)} -> 28 | G6: 45311
A7: 45219 | B7: 5 | C7: =IFERROR(if(ISBLANK(B6),,'Общее'!$B$12/B7),"") -> 1.6
A8: 45250 | B8: 5 | C8: =IFERROR(if(ISBLANK(B7),,'Общее'!$B$12/B8),"") -> 1.6
A9: 45280 | B9: 5 | C9: =IFERROR(if(ISBLANK(B8),,'Общее'!$B$12/B9),"") -> 1.6
A10: 45311 | B10: 6 | C10: =IFERROR(if(ISBLANK(B9),,'Общее'!$B$12/B10),"") -> 1.3333333
A11: 45342 | B11: 6 | C11: =IFERROR(if(ISBLANK(B10),,'Общее'!$B$12/B11),"") -> 1.3333333
A12: 45371 | B12: 6 | C12: =IFERROR(if(ISBLANK(B11),,'Общее'!$B$12/B12),"") -> 1.3333333
A13: 45402 | B13: 6 | C13: =IFERROR(if(ISBLANK(B12),,'Общее'!$B$12/B13),"") -> 1.3333333
A14: 45432 | B14: 6 | C14: =IFERROR(if(ISBLANK(B13),,'Общее'!$B$12/B14),"") -> 1.3333333
A15: 45463 | B15: 6 | C15: =IFERROR(if(ISBLANK(B14),,'Общее'!$B$12/B15),"") -> 1.3333333
A16: 45493 | B16: 6 | C16: =IFERROR(if(ISBLANK(B15),,'Общее'!$B$12/B16),"") -> 1.3333333
A17: 45524 | B17: 6 | C17: =IFERROR(if(ISBLANK(B16),,'Общее'!$B$12/B17),"") -> 1.3333333
A18: 45555 | B18: 6 | C18: =IFERROR(if(ISBLANK(B17),,'Общее'!$B$12/B18),"") -> 1.3333333
... A139: 49237 | B139: 6 | C139: =IFERROR(if(ISBLANK(B138),,'Общее'!$B$12/B139),"") -> 1.3333333

Sheet Платежи
B1: ='Общее'!A3 -> Гала | D1: ='Общее'!A4 -> Семен | F1: ='Общее'!A5 -> Даша | H1: Луиза | J1: ='Общее'!A7 -> Даня
A2: Сумма | B2: =SUM(B3:B350) -> 9.3333333 | D2: =SUM(D3:D350) -> 37.137465 | H2: =SUM(H3:H350) -> 1.3333333 | J2: =SUM(J3:J350) -> 28.005
A3: Платежи/дата | B3: =8/6 -> 1.3333333 | C3: 45761 | D3: =400/90.5 -> 4.4198895 | H3: =8/6 -> 1.3333333 | I3: 45865 | J3: 1.33 | K3: 45309
B4: =8/6 -> 1.3333333 | C4: 45832 | D4: =750/91+1.6 -> 9.8417582 | J4: 4 | K4: 45374
B5: =8/6 -> 1.3333333 | C5: 45862 | D5: =1000/90 -> 11.111111 | E5: 45451 | J5: 13.3 | K5: 45679
B6: =8/6 -> 1.3333333 | C6: 45895 | D6: =1000/85 -> 11.764706 | E6: 45740 | J6: =750/80 -> 9.375 | K6: 46013
B7: =8/6 -> 1.3333333 | C7: 45924
B8: =8/6 -> 1.3333333 | C8: 45954
B9: =8/6 -> 1.3333333 | C9: 45995
